{"cameraMode":{"drawMode":0,"name":"Shaded","section":"Shading Mode"},"sceneLighting":true,"audioPlay":false,"sceneViewState":{"m_AlwaysRefresh":false,"showFog":true,"showSkybox":true,"showFlares":true,"showImageEffects":true,"showParticleSystems":true,"showVisualEffectGraphs":true,"m_FxEnabled":true},"in2DMode":false,"pivot":{"x":-145.85414123535157,"y":-176.62210083007813,"z":-238.07875061035157},"rotation":{"x":0.15904870629310609,"y":0.7897858023643494,"z":-0.23010008037090302,"w":0.5458992719650269},"size":323.44732666015627,"orthographic":false}