{"cameraMode":{"drawMode":0,"name":"Shaded","section":"Shading Mode"},"sceneLighting":true,"audioPlay":false,"sceneViewState":{"m_AlwaysRefresh":false,"showFog":true,"showSkybox":true,"showFlares":true,"showImageEffects":true,"showParticleSystems":true,"showVisualEffectGraphs":true,"m_FxEnabled":true},"in2DMode":false,"pivot":{"x":35.60260009765625,"y":-44.080684661865237,"z":248.9834442138672},"rotation":{"x":0.19824181497097016,"y":-0.25820642709732058,"z":0.054230231791734698,"w":0.94398033618927},"size":122.31590270996094,"orthographic":false}